TIMES commodity,Description,Unit,Sector,Type,Cluster,PyPSA Energy Carrier,Upstream commodity,Upstream process,Comment
ELCHIG,Electricity - High Voltage WITHOUT grid costs,PJ,ELC,,Electricity - High Voltage WITHOUT grid costs,Electricity ,nan,nan,Produced by the public power station or imports
ELCHIGG,High Voltage Electricity,PJ,ELC,,High Voltage Electricity,Electricity ,nan,nan,High voltage electricity
ELCMED,Medium Voltage Electricity,PJ,ELC,,Medium Voltage Electricity,Medium Voltage Electricity,nan,nan,Medium voltage electricity
ELCLOW,Low Voltage Electricity,PJ,ELC,,Low Voltage Electricity,Low Voltage Electricity,nan,nan,low voltage electricity
RSDELC,Electricity for Residential sector,PJ,RSD,,Electricity for Residential sector,Electricity ,ELCLOW,RSDELC00,nan
INDELC,Electricity for industy,PJ,IND,,Electricity for industy,Electricity ,ELCHIGG,INDELC00,nan
COMELC,Electricity for Commercial sector,PJ,COM,,Electricity for Commercial sector,Electricity ,ELCMED,COMELC00,nan
TRAELC,Electricity for transport,PJ,TRA,,total energy for transport,Electricity,ELCLOW,TRAELC00,nan
ELCNUC,Nuclear for Electricity sector,PJ,ELC,,Nuclear for Electricity sector,Nuclear for Electricity sector,nan,nan,nan
RSDOIL,Diesel Oil for the residential sector,PJ,RSD,,Diesel Oil for the residential sector,Diesel Oil for the residential sector,nan,nan,nan
INDLFO,Fuel Tech - Light Fuel Oil,PJ,IND,,oil for industry,oil for industry,nan,nan,light fuel oil
INDHFO,Fuel Tech - Heavy Fuel Oil,PJ,IND,,oil for industry,oil for industry,nan,nan,heavy fuel oil
AGROIL,Fuel Tech – Oil,PJ,AGR,,Oil for agriculture,Oil for agriculture,nan,nan,nan
COMOIL,Oil for commercial sector,PJ,COM,,Oil for commercial sector,Oil for commercial sector,nan,nan,nan
TRADST,Diesel for transport,PJ,TRA,,total energy for transport,total energy for transport,OILDST,TRADST00,diesel
TRAGSL,Gasoline for transport,PJ,TRA,,total energy for transport,total energy for transport,OILGSL,TRAGSL00,gasoline
TRAKER,Kerosene - Jet Fuels for transport,PJ,TRA,,Kerosene - Jet Fuels for transport,Kerosene - Jet Fuels for transport,nan,nan,kerozene
RSDLPG,Liquified Petroleum Gas (RSD),PJ,RSD,,Liquified Petroleum Gas (RSD),Liquified Petroleum Gas (RSD),nan,nan,Propane butane
COMLPG,Liquified Petroleum Gas (COM),PJ,COM,,Liquified Petroleum Gas (COM),Liquified Petroleum Gas (COM),nan,nan,Propane butane
TRALPG,Liquified Petroleum Gas (TRA),PJ,TRA,,total energy for transport,total energy for transport,nan,nan,Propane butane
INDLPG,Liquified Petroleum Gas for industry,PJ,IND,,gas for industry,gas for industry,nan,nan,Propane butane
INDCOA,Hard Coal for industry,PJ,IND,,coal for industry,coal for industry,nan,nan,nan
RSDCOA,Coal for residential sector,PJ,RSD,,Coal for residential sector,Coal for residential sector,nan,nan,nan
COMCOA,Coal for commertial sector,PJ,COM,,Coal for commertial sector,Coal for commertial sector,nan,nan,nan
INDCOL,Lignite for industry,PJ,IND,,coal for industry,coal for industry,nan,nan,nan
ELCCOL,Lignite for electricity sector,PJ,ELC,,Lignite for electricity sector,Lignite for electricity sector,nan,nan,nan
INDCOK,Coke for industry,PJ,IND,,Coke for industry,Coke for industry,nan,nan,Coke  in cement and lime industry
ELCGAS,Natural Gas for Electricity,PJ,ELC,,Natural Gas for Electricity,Natural Gas for Electricity,GASNAT,nan,nan
INDGAS,Natural Gas for Industry,PJ,IND,,gas for industry,gas for industry,GASNAT,nan,nan
INDGMX,Network gas for industry,PJ,IND,,gas for industry,gas for industry,BIOGZH,SUPGMX00,Injected biomethane (after upgrading/concentration) + imported biomethane
RSDGMX,Network gas for Residential sector,PJ,RSD,,Network gas for Residential sector,Network gas for Residential sector,BIOGZH,SUPGMX00,Injected biomethane (after upgrading/concentration) + imported biomethane
COMGMX,Network gas for Commercial sector,PJ,COM,,Network gas for Commercial sector,Network gas for Commercial sector,BIOGZH,SUPGMX00,Injected biomethane (after upgrading/concentration) + imported biomethane
TRAGMX,Network gas for Transport sector,PJ,TRA,,total energy for transport,total energy for transport,BIOGZH,SUPGMX00,Injected biomethane (after upgrading/concentration)
AGRGMX,Network gas for agriculture,PJ,AGR,,Network gas for agriculture,Network gas for agriculture,BIOGZH,SUPGMX00,Injected biomethane (after upgrading/concentration)
ELCCPS,Wood Chips for Electricity sector,PJ,ELC,,Wood Chips for Electricity sector,Wood Chips for Electricity sector,nan,nan,nan
ELCPEL,Pellets for Electricity sector,PJ,ELC,,Pellets for Electricity sector,Pellets for Electricity sector,nan,nan,nan
INDCPS,solid biomass for industry,PJ,IND,,solid biomass for industry,solid biomass for industry,nan,nan,nan
INDPEL,Wood pellets for Industry,PJ,IND,,Wood pellets for Industry,Wood pellets for Industry,nan,nan,nan
RSDLOG,Wood Logs for Residential sector,PJ,RSD,,Wood Logs for Residential sector,Wood Logs for Residential sector,nan,nan,logs
RSDPEL,Pellets for Residential sector,PJ,RSD,,Pellets for Residential sector,Pellets for Residential sector,nan,nan,nan
INDBLQ,Black Liquor for Industry sector,PJ,IND,,Black Liquor for Industry sector,Black Liquor for Industry sector,nan,nan,black liquor (biomass)
INDBGS,Biogas for industry,PJ,IND,,gas for industry,gas for industry,nan,nan,nan
COMBGS,Biogas for Commercial sector,PJ,COM,,Biogas for Commercial sector,Biogas for Commercial sector,nan,nan,nan
TRABGS,Biogas for Transport sector,PJ,TRA,,total energy for transport,total energy for transport,nan,nan,nan
AGRBGS,Fuel Tech – Biogas,PJ,AGR,,Fuel Tech – Biogas,Fuel Tech – Biogas,nan,nan,nan
ELCBGS,Biogas for Electricity sector,PJ,ELC,,Biogas for Electricity sector,Biogas for Electricity sector,nan,nan,nan
ELCWST,Waste for Electricity sector,PJ,ELC,,Waste for Electricity sector,Waste for Electricity sector,nan,nan,incinerator
INDHET,Heat for industry,PJ,IND,,Heat for industry,Heat for industry,nan,nan,District heating network with centralized CHP (ELCHET) and/or recovered excess heat from industry (INDHWT)
RSDHET,Heat for Residential sector,PJ,RSD,,Heat for Residential sector,Heat for Residential sector,nan,nan,District heating network with centralized CHP (ELCHET) and/or recovered excess heat from industry (INDHWT)
COMHET,Heat for commercial sector,PJ,COM,,Heat for commercial sector,Heat for commercial sector,nan,nan,District heating network with centralized CHP (ELCHET) and/or recovered excess heat from industry (INDHWT)
TRAGH2,H2 for transport (gas),PJ,SUP,,H2 for transport,H2 for transport,nan,nan,nan
TRALH2,H2 for transport (liquid),PJ,SUP,,H2 for transport,H2 for transport,nan,nan,nan
INDHH2,hydrogen for industry,PJ,SUP,,hydrogen for industry,hydrogen for industry,nan,nan,nan
ELCSLU,Sludge for Electricity sector,PJ,ELC,,Sludge for Electricity sector,Sludge for Electricity sector,nan,nan,Renewable waste incinerated
TRAETH,Ethanol for transport,PJ,TRA,,total energy for transport,total energy for transport,nan,nan,pure bioethanol
TRABDL,Biodiesel for transport,PJ,TRA,,Fuel Tech – Diesel,Fuel Tech – Diesel,nan,nan,pure biodiesiel
OILKER,Kerosenes - Jet Fuels,PJ,SUP,,Kerosenes - Jet Fuels,Kerosenes - Jet Fuels,nan,nan,nan
BIORME,Biodiesel rapeseed methyl ester (RME),PJ,SUP,,Biodiesel rapeseed methyl ester (RME),Biodiesel rapeseed methyl ester (RME),nan,nan,nan
BIOPEL,Biomass: Pellets (separated from wood),PJ,IND,,Biomass: Pellets (separated from wood),Biomass: Pellets (separated from wood),nan,nan,nan
RW3F,hot water for 3F houses,PJ,RSD,,BEWAL residential urban decentral heat,Heat,nan,nan,nan
RSDGSL,Gasoline for Residential sector,PJ,RSD,,Gasoline for Residential sector,Gasoline for Residential sector,nan,nan,nan
BIOCRP1,Starch crops,PJ,SUP,,Starch crops,Starch crops,nan,nan,nan
RENHYD,Hydro,PJ,SUP,,Hydro,Hydro,nan,nan,nan
BIORPOIL,Rape seed oil,PJ,SUP,,Rape seed oil,Rape seed oil,nan,nan,nan
RH4F,space heating for 4f houses,PJ,RSD,,BEWAL residential urban decentral heat,Heat,nan,nan,nan
BIODST,Diesel from Biomass,PJ,SUP,,Diesel from Biomass,Diesel from Biomass,nan,nan,nan
BIORPS,Biomass: Rapeseed,PJ,SUP,,Biomass: Rapeseed,Biomass: Rapeseed,nan,nan,nan
ELCWIN,Electricity: Wind,PJ,ELC,,Electricity: Wind,Electricity: Wind,nan,nan,nan
ELCSOL,Electricity: Solar,PJ,ELC,,Electricity: Solar,Electricity: Solar,nan,nan,nan
RWAP,hot water for apartments,PJ,RSD,,BEWAL residential urban decentral heat,Heat,nan,nan,nan
COMGSL,Gasoline for Commercial sector,PJ,COM,,Gasoline for Commercial sector,Gasoline for Commercial sector,nan,nan,nan
GASBFT,GAS from Blast Furnace TGR,PJ,IND,,GAS from Blast Furnace TGR,GAS from Blast Furnace TGR,nan,nan,nan
OILGSL,Fuel: Gasoline,PJ,SUP,,Fuel: Gasoline,Fuel: Gasoline,nan,nan,nan
OILLPG,Liquified Petroleum Gas,PJ,SUP,,Liquified Petroleum Gas,Liquified Petroleum Gas,nan,nan,nan
RW4F,hot water for 4f houses,PJ,RSD,,BEWAL residential urban decentral heat,Heat,nan,nan,nan
COMBDL,Biodiesel for Commercial sector,PJ,COM,,Biodiesel for Commercial sector,Biodiesel for Commercial sector,nan,nan,nan
COMSOL,Commercial: Solar,PJ,COM,,Commercial: Solar,Commercial: Solar,nan,nan,nan
BIOLOG,Wood Logs,PJ,SUP,,Wood Logs,Wood Logs,nan,nan,nan
SYNH2CU,Centralized hydrogen (Underground storage),PJ,SUP,,Centralized hydrogen (Underground storage),Centralized hydrogen (Underground storage),nan,nan,nan
SUPELC,Electricity (SUP),PJ,SUP,,Electricity (SUP),Electricity ,nan,nan,nan
RENWIN,Renewable: Wind,PJ,SUP,,Renewable: Wind,Renewable: Wind,nan,nan,nan
AGRBDL,Biodiesel for agriculture,PJ,AGR,,Biodiesel for agriculture,Biodiesel for agriculture,nan,nan,nan
RSDSOL,Residential: Solar,PJ,RSD,,Residential: Solar,Residential: Solar,nan,nan,nan
RH2F,space heating for 2f houses,PJ,RSD,,BEWAL residential urban decentral heat,Heat,nan,nan,nan
COACOK,Coke,PJ,SUP,,Coke,Coke,nan,nan,nan
OILDST,Diesel,PJ,SUP,,Diesel,Diesel,nan,nan,nan
BIOGAS,Biogas,PJ,SUP,,Biogas,Biogas,nan,nan,nan
RHAP,space heating for apartments,PJ,RSD,,BEWAL residential urban decentral heat,Heat,nan,nan,nan
AGRELC,Electricity for agriculture,PJ,AGR,,Electricity for agriculture,Electricity for agriculture,nan,nan,nan
COALIG,Lignite,PJ,SUP,,Lignite,Lignite,nan,nan,nan
NUCRSV,Uranium (Dummy Reserves),PJ,SUP,,Uranium (Dummy Reserves),Uranium (Dummy Reserves),nan,nan,nan
COMPEL,Pellets for Commercial sector,PJ,COM,,Pellets for Commercial sector,Pellets for Commercial sector,nan,nan,nan
GASNAT,Natural Gas,PJ,SUP,,Natural Gas,Natural Gas,nan,nan,nan
OILHFO,Residual Fuel Oil,PJ,SUP,,Residual Fuel Oil,Residual Fuel Oil,nan,nan,nan
ELCHET,Heat from Electricity sector,PJ,ELC,,Heat from CHP,Heat from CHP,nan,nan,nan
AGRHET,Heat for agriculture,PJ,AGR,,Heat for agriculture,Heat for agriculture,nan,nan,nan
COAHAR,Hard Coal,PJ,SUP,,Hard Coal,Hard Coal,nan,nan,nan
OILOTH,Other Petroleum Products,PJ,SUP,,Other Petroleum Products,Other Petroleum Products,nan,nan,nan
SUPGAS,Supply: Natural Gas,PJ,SUP,,Supply: Natural Gas,Supply: Natural Gas,nan,nan,nan
GASIIS,GAS from Corex and/or Blast Furnace TGR with CCS and/or BOF,PJ,IND,,GAS from Corex and/or Blast Furnace TGR with CCS and/or BOF,GAS from Corex and/or Blast Furnace TGR with CCS and/or BOF,nan,nan,nan
RH3F,space heating for 3F houses,PJ,RSD,,BEWAL residential urban decentral heat,Heat,nan,nan,nan
BIOETH,Bioethanol,PJ,SUP,,Bioethanol,Bioethanol,nan,nan,nan
SYNH2CT,Centralized hydrogen (Tank storage),PJ,SUP,,Centralized hydrogen (Tank storage),Centralized hydrogen (Tank storage),nan,nan,nan
RW2F,hot water for 2F houses,PJ,RSD,,BEWAL residential urban decentral heat,Heat,nan,nan,nan
SUPDST,Diesel,PJ,SUP,,Diesel,Diesel,nan,nan,nan
BIOCPS,Wood Chips,PJ,SUP,,Wood Chips,Wood Chips,nan,nan,nan
RENSOL,Renewable: Solar,PJ,SUP,,Renewable: Solar,Renewable: Solar,nan,nan,nan
SUPHET,Heat for digestor,PJ,SUP,,Heat for digestor,Heat for digestor,nan,nan,nan
ELCBIO,Biomass for Electricity sector,PJ,ELC,,Biomass for Electricity sector,Biomass for Electricity sector,nan,nan,nan
ELCHYD,Hydro for Electricity sector,PJ,ELC,,Hydro for Electricity sector,Hydro for Electricity sector,nan,nan,nan
ELCOIL,Oil for Electricity sector,PJ,ELC,,Oil for Electricity sector,Oil for Electricity sector,nan,nan,nan
SUPBGS,Biogas for Supply sector,PJ,SUP,,Biogas for Supply sector,Biogas for Supply sector,nan,nan,nan
RHDJAP_2021,space heating for apartments (2021),PJ,RSD,,BEWAL residential urban decentral heat,Heat,nan,nan,nan
RHDJ4F_2021,space heating for 4f houses (2021),PJ,RSD,,BEWAL residential urban decentral heat,Heat,nan,nan,nan
RHN4F,space heating for 4f houses,PJ,RSD,,BEWAL residential urban decentral heat,Heat,nan,nan,nan
RWN3F,hot water for 3F houses,PJ,RSD,,BEWAL residential urban decentral heat,Heat,nan,nan,nan
RHNAP,space heating for apartments,PJ,RSD,,BEWAL residential urban decentral heat,Heat,nan,nan,nan
RHDJ2F_2021,space heating for 2f houses (2021),PJ,RSD,,BEWAL residential urban decentral heat,Heat,nan,nan,nan
RHN2F,space heating for 2f houses,PJ,RSD,,BEWAL residential urban decentral heat,Heat,nan,nan,nan
SUPGMX,Network gas (mixed) for Supply sector,PJ,SUP,,Network gas,Network gas,nan,nan,nan
RWNAP,hot water for apartments (new),PJ,RSD,,BEWAL residential urban decentral heat,Heat,nan,nan,nan
RWN4F,hot water for 4F houses,PJ,RSD,,BEWAL residential urban decentral heat,Heat,nan,nan,nan
RHDJ3F_2021,space heating for 3F houses (2021),PJ,RSD,,BEWAL residential urban decentral heat,Heat,nan,nan,nan
RHN3F,space heating for 3f houses,PJ,RSD,,BEWAL residential urban decentral heat,Heat,nan,nan,nan
RWN2F,hot water for 2F houses,PJ,RSD,,BEWAL residential urban decentral heat,Heat,nan,nan,nan
RCDR,Rsd.Cloth Drying.Existing,PJ,RSD,,electricity for residential,Electricity ,nan,nan,nan
RCOK,Rsd.Cooking.Existing,PJ,RSD,,electricity for residential,Electricity ,nan,nan,nan
RCWA,Rsd.Cloth Washing.Existing,PJ,RSD,,electricity for residential,Electricity ,nan,nan,nan
RDWA,Rsd.Dish Washing.Existing,PJ,RSD,,electricity for residential,Electricity ,nan,nan,nan
RLIG,Rsd.Lighting.Existing.,PJ,RSD,,electricity for residential,Electricity ,nan,nan,nan
RREF,Rsd.Refrigeration.Existing.,PJ,RSD,,electricity for residential,electricity for residential,nan,nan,nan
ROEN,Rsd.Other Energy.Existing.,PJ,RSD,,electricity for residential,electricity for residential,nan,nan,nan
ROEL,Rsd.Other Electric.Existing.,PJ,RSD,,electricity for residential,electricity for residential,nan,nan,nan
TRALPG,Fuel Tech - Liquified Petroleum Gas,PJ,TRA,,total energy for transport,total energy for transport,nan,nan,nan
TNDF,Navigation Domestic Freight Tech Existing,PJ,TRA,,domestic navigation,domestic navigation,nan,nan,nan
AGRCPS,Wood for agriculture,PJ,AGR,,Wood for agriculture,Wood for agriculture,nan,nan,nan
CHBA,Space heating for commercial sector,PJ,COM,,BEWAL services urban decentral heat,Heat,nan,nan,nan
CHBP,Space heating for commercial sector,PJ,COM,,BEWAL services urban decentral heat,Heat,nan,nan,nan
CHCO,Space heating for commercial sector,PJ,COM,,BEWAL services urban decentral heat,Heat,nan,nan,nan
CHCS,Space heating for commercial sector,PJ,COM,,BEWAL services urban decentral heat,Heat,nan,nan,nan
CHEN,Space heating for commercial sector,PJ,COM,,BEWAL services urban decentral heat,Heat,nan,nan,nan
CHNCS,Space heating for commercial sector,PJ,COM,,BEWAL services urban decentral heat,Heat,nan,nan,nan
CHSA,Space heating for commercial sector,PJ,COM,,BEWAL services urban decentral heat,Heat,nan,nan,nan
CLIGBA,Appliances for commercial sector,PJ,COM,,Appliances for commercial sector,Appliances for commercial sector,nan,nan,nan
CLIGBP,Appliances for commercial sector,PJ,COM,,Appliances for commercial sector,Appliances for commercial sector,nan,nan,nan
CLIGCO,Appliances for commercial sector,PJ,COM,,Appliances for commercial sector,Appliances for commercial sector,nan,nan,nan
CLIGCS,Appliances for commercial sector,PJ,COM,,Appliances for commercial sector,Appliances for commercial sector,nan,nan,nan
CLIGDATA,Appliances for commercial sector,PJ,COM,,Appliances for commercial sector,Appliances for commercial sector,nan,nan,nan
CLIGEN,Appliances for commercial sector,PJ,COM,,Appliances for commercial sector,Appliances for commercial sector,nan,nan,nan
CLIGNBA,Appliances for commercial sector,PJ,COM,,Appliances for commercial sector,Appliances for commercial sector,nan,nan,nan
CLIGNBP,Appliances for commercial sector,PJ,COM,,Appliances for commercial sector,Appliances for commercial sector,nan,nan,nan
CLIGNCO,Appliances for commercial sector,PJ,COM,,Appliances for commercial sector,Appliances for commercial sector,nan,nan,nan
CLIGNCS,Appliances for commercial sector,PJ,COM,,Appliances for commercial sector,Appliances for commercial sector,nan,nan,nan
CLIGNDATA,Appliances for commercial sector,PJ,COM,,Appliances for commercial sector,Appliances for commercial sector,nan,nan,nan
CLIGNEN,Appliances for commercial sector,PJ,COM,,Appliances for commercial sector,Appliances for commercial sector,nan,nan,nan
CLIGNSA,Appliances for commercial sector,PJ,COM,,Appliances for commercial sector,Appliances for commercial sector,nan,nan,nan
CLIGSA,Appliances for commercial sector,PJ,COM,,Appliances for commercial sector,Appliances for commercial sector,nan,nan,nan
COEL,Appliances for commercial sector,PJ,COM,,Appliances for commercial sector,Appliances for commercial sector,nan,nan,nan
CCOK,Appliances for commercial sector,PJ,COM,,Appliances for commercial sector,Appliances for commercial sector,nan,nan,nan
CWBA,Hot water for Commercial sector,PJ,COM,,BEWAL services urban decentral heat,Heat,nan,nan,nan
CWBP,Hot water for Commercial sector,PJ,COM,,BEWAL services urban decentral heat,Heat,nan,nan,nan
CWCO,Hot water for Commercial sector,PJ,COM,,BEWAL services urban decentral heat,Heat,nan,nan,nan
CWCS,Hot water for Commercial sector,PJ,COM,,BEWAL services urban decentral heat,Heat,nan,nan,nan
CWEN,Hot water for Commercial sector,PJ,COM,,BEWAL services urban decentral heat,Heat,nan,nan,nan
CWNBA,Hot water for Commercial sector,PJ,COM,,BEWAL services urban decentral heat,Heat,nan,nan,nan
CWNBP,Hot water for Commercial sector,PJ,COM,,BEWAL services urban decentral heat,Heat,nan,nan,nan
CWNCO,Hot water for Commercial sector,PJ,COM,,BEWAL services urban decentral heat,Heat,nan,nan,nan
CWNCS,Hot water for Commercial sector,PJ,COM,,BEWAL services urban decentral heat,Heat,nan,nan,nan
CWNEN,Hot water for Commercial sector,PJ,COM,,BEWAL services urban decentral heat,Heat,nan,nan,nan
CWNSA,Hot water for Commercial sector,PJ,COM,,BEWAL services urban decentral heat,Heat,nan,nan,nan
CWSA,Hot water for Commercial sector,PJ,COM,,BEWAL services urban decentral heat,Heat,nan,nan,nan
INDBIO,Biofuel for industry,PJ,IND,,Biofuel for industry,Biofuel for industry,nan,nan,nan
AGRAP,Electricity for agriculture,PJ,AGR,,Electricity for agriculture,Electricity for agriculture,nan,nan,nan
AGRHH,space heating for agriculture,PJ,AGR,,space heating for agriculture,space heating for agriculture,nan,nan,nan
AGROF,oil for agriculture (offroad),PJ,AGR,,oil for agriculture (offroad),oil for agriculture (offroad),nan,nan,nan
CCCS,Space cooling for commercial sector,PJ,COM,,Space cooling for commercial sector,Space cooling for commercial sector,nan,nan,nan
CCNCS,Space cooling for commercial sector,PJ,COM,,Space cooling for commercial sector,Space cooling for commercial sector,nan,nan,nan
INDGASCOG,Gas and Cog for industry,PJ,COM,,gas for industry,gas for industry,nan,nan,nan
INDIIS,IIS GMX - Corex GMX or BFG TGR with CCS or BOF,PJ,COM,,gas for industry,gas for industry,nan,nan,nan
IOFPRC,Other Food.Process Heat.,PJ,IND,NRG,Process heat,Other Food.Process Heat.,,,auto-added from AllCommodities.csv
INFMCH,Other Non Ferrous Metals.Machine Drive.,PJ,IND,NRG,Machine drive energy for industry,Other Non Ferrous Metals.Machine Drive.,,,auto-added from AllCommodities.csv
CCEN,Commercial space cooling Enseignment Existing,PJ,COM,NRG,Electricity for existing commercial appliances,Commercial space cooling Enseignment Existing,,,auto-added from AllCommodities.csv
ICH,Other Chemicals Demand,PJ,IND,DEM,Other Chemicals Demand,Other Chemicals Demand,,,auto-added from AllCommodities.csv
ICHOTH,Other Chemicals.Other Processes.,PJ,IND,NRG,Other energy for industry,Other Chemicals.Other Processes.,,,auto-added from AllCommodities.csv
IOIHTH,Other Industries.Steam.,PJ,IND,NRG,Steam for industry,Other Industries.Steam.,,,auto-added from AllCommodities.csv
DJ2F,Energy correction based on degree days,PJ,RSD,DEM,Energy correction based on degree days,DJ2F,,,auto-added from AllCommodities.csv
INMMCH,Other Non Metallic Minerals.Machine Drive.,PJ,IND,NRG,Machine drive energy for industry,Other Non Metallic Minerals.Machine Drive.,,,auto-added from AllCommodities.csv
INM,Other Non Metallic Minerals Demand,PJ,IND,DEM,Other Non Metallic Minerals Demand,Other Non Metallic Minerals Demand,,,auto-added from AllCommodities.csv
TAIP,Aviation International Passengers,PJ,TRA,DEM,Fuel for aviation,international aviation,,,auto-added from AllCommodities.csv
INMELE,Other Non Metallic Minerals.Electro-Chemicals.,PJ,IND,NRG,Other energy for industry,Other Non Metallic Minerals.Electro-Chemicals.,,,auto-added from AllCommodities.csv
DJ3F,Energy correction based on degree days,PJ,RSD,DEM,Energy correction based on degree days,DJ3F,,,auto-added from AllCommodities.csv
INFELE,Other Non Ferrous Metals.Electro-Chemicals.,PJ,IND,NRG,Other energy for industry,Other Non Ferrous Metals.Electro-Chemicals.,,,auto-added from AllCommodities.csv
ICMPRC,Cement.Process Heat.,PJ,IND,NRG,Process heat,Cement.Process Heat.,,,auto-added from AllCommodities.csv
IOFFRO,Other Food.Other Processes.,PJ,IND,NRG,Other energy for industry,Other Food.Other Processes.,,,auto-added from AllCommodities.csv
IOFMCH,Other Food.Machine Drive.,PJ,IND,NRG,Machine drive energy for industry,Other Food.Machine Drive.,,,auto-added from AllCommodities.csv
RSDGEO,Geothermal (RSD),PJ,RSD,NRG,Geothermal (RSD),Geothermal (RSD),,,auto-added from AllCommodities.csv
IOIOTH,Other Industries.Other Processes.,PJ,IND,NRG,Other energy for industry,Other Industries.Other Processes.,,,auto-added from AllCommodities.csv
TADF,Aviation Domestic Freight,PJ,TRA,DEM,Fuel for aviation,domestic aviation,,,auto-added from AllCommodities.csv
INDHTH,High Temperature Heat for IND,PJ,IND,NRG,High Temperature Heat for IND,High Temperature Heat for IND,,,auto-added from AllCommodities.csv
IOIELE,Other Industries.Electro-Chemicals.,PJ,IND,NRG,Other energy for industry,Other Industries.Electro-Chemicals.,,,auto-added from AllCommodities.csv
INDGEO,Geothermal (IND),PJ,IND,NRG,Geothermal (IND),Geothermal (IND),,,auto-added from AllCommodities.csv
CCDATA,Commercial space cooling Data Center Existing,PJ,COM,NRG,Electricity for existing commercial appliances,Commercial space cooling Data Center Existing,,,auto-added from AllCommodities.csv
ISGHTH,High Temperature Heat for ISG (IND),PJ,IND,NRG,High Temperature Heat for IND,High Temperature Heat for ISG (IND),,,auto-added from AllCommodities.csv
CCBP,"Commercial space cooling Bureaux: transport et communication, banques etc Existing",PJ,COM,NRG,Electricity for existing commercial appliances,"Commercial space cooling Bureaux: transport et communication, banques etc Existing",,,auto-added from AllCommodities.csv
BIOGZH,Biogaz épuré,PJ,SUP,NRG,Biogaz épuré,Biogaz épuré,,,auto-added from AllCommodities.csv
ICHELE,Other Chemicals.Electro-Chemicals.,PJ,IND,NRG,Other energy for industry,Other Chemicals.Electro-Chemicals.,,,auto-added from AllCommodities.csv
INMHTH,High Temperature Heat for INM (IND),PJ,IND,NRG,High Temperature Heat for IND,High Temperature Heat for INM (IND),,,auto-added from AllCommodities.csv
INFPRC,Other Non Ferrous Metals.Process Heat.,PJ,IND,NRG,Process heat,Other Non Ferrous Metals.Process Heat.,,,auto-added from AllCommodities.csv
DJ4F,Energy correction based on degree days,PJ,RSD,DEM,Energy correction based on degree days,DJ4F,,,auto-added from AllCommodities.csv
CCBA,Commercial space cooling Bureaux: Administration Existing,PJ,COM,NRG,Electricity for existing commercial appliances,Commercial space cooling Bureaux: Administration Existing,,,auto-added from AllCommodities.csv
CCCO,Commercial space cooling Commerce Existing,PJ,COM,NRG,Electricity for existing commercial appliances,Commercial space cooling Commerce Existing,,,auto-added from AllCommodities.csv
CREF,Commercial Refrigeration Existing,PJ,COM,DEM,Electricity for existing commercial appliances,Commercial Refrigeration Existing,,,auto-added from AllCommodities.csv
INF,Other Non Ferrous Metals Demand,PJ,IND,DEM,Other Non Ferrous Metals Demand,Other Non Ferrous Metals Demand,,,auto-added from AllCommodities.csv
INFHTH,High Temperature Heat for INF (IND),PJ,IND,NRG,High Temperature Heat for IND,High Temperature Heat for INF (IND),,,auto-added from AllCommodities.csv
IOIMCH,Other Industries.Machine Drive.,PJ,IND,NRG,Machine drive energy for industry,Other Industries.Machine Drive.,,,auto-added from AllCommodities.csv
TADP,Aviation Domestic Passengers,PJ,TRA,DEM,Fuel for aviation,domestic aviation,,,auto-added from AllCommodities.csv
IOI,Other Industries,PJ,IND,DEM,Other Industries,Other Industries,,,auto-added from AllCommodities.csv
ILMPRC,Lime.Process Heat.,PJ,IND,NRG,Process heat,Lime.Process Heat.,,,auto-added from AllCommodities.csv
CCSA,Commercial space cooling Santé Existing,PJ,COM,NRG,Electricity for existing commercial appliances,Commercial space cooling Santé Existing,,,auto-added from AllCommodities.csv
IISHTH,High Temperature Heat for IIS (IND),PJ,IND,NRG,High Temperature Heat for IND,High Temperature Heat for IIS (IND),,,auto-added from AllCommodities.csv
ICHPRC,Other Chemicals.Process Heat.,PJ,IND,NRG,Process heat,Other Chemicals.Process Heat.,,,auto-added from AllCommodities.csv
ICHHTH,Other Chemicals.Steam.,PJ,IND,NRG,Steam for industry,Other Chemicals.Steam.,,,auto-added from AllCommodities.csv
ICHMCH,Other Chemicals.Machine Drive.,PJ,IND,NRG,Machine drive energy for industry,Other Chemicals.Machine Drive.,,,auto-added from AllCommodities.csv
INDHWT,Chaleur fatale (IND),PJ,IND,NRG,Chaleur fatale (IND),Chaleur fatale (IND),,,auto-added from AllCommodities.csv
INMPRC,Other Non Metallic Minerals.Process Heat.,PJ,IND,NRG,Process heat,Other Non Metallic Minerals.Process Heat.,,,auto-added from AllCommodities.csv
COSE,Commercial Serveur DATA CENTER Existing,PJ,COM,DEM,Electricity for existing commercial appliances,Commercial Serveur DATA CENTER Existing,,,auto-added from AllCommodities.csv
CPLI,Commercial Public Lighting Existing,PJ,COM,DEM,Electricity for existing commercial appliances,Commercial Public Lighting Existing,,,auto-added from AllCommodities.csv
IOFOTH,Other Food.Cold Processes.,PJ,IND,NRG,Other energy for industry,Other Food.Cold Processes.,,,auto-added from AllCommodities.csv
DJAP,Energy correction based on degree days,PJ,RSD,DEM,Energy correction based on degree days,DJAP,,,auto-added from AllCommodities.csv
IOF,Other food demand,PJ,IND,DEM,Other food demand,Other food demand,,,auto-added from AllCommodities.csv
RENGEO,Geothermal,PJ,SUP,NRG,Geothermal,Geothermal,,,auto-added from AllCommodities.csv
TAIF,Aviation International Freight,PJ,TRA,DEM,Fuel for aviation,international aviation,,,auto-added from AllCommodities.csv
NEO,Non Energy Consumption - Others,PJ,IND,DEM,Non Energy Consumption - Others,naphtha,,,auto-added from AllCommodities.csv
COMGEO,Geothermal (COM),PJ,COM,NRG,Geothermal (COM),Geothermal (COM),,,auto-added from AllCommodities.csv
IOFHTH,Other Food.Steam.,PJ,IND,NRG,Steam for industry,Other Food.Steam.,,,auto-added from AllCommodities.csv
IMLHTH,High Temperature Heat for IML (IND),PJ,IND,NRG,High Temperature Heat for IND,High Temperature Heat for IML (IND),,,auto-added from AllCommodities.csv
IPPPRC,Process Heat for IPH and IPL (IND),PJ,IND,NRG,Process heat,Process Heat for IPH and IPL (IND),,,auto-added from AllCommodities.csv
IOFELE,Other Food.Electro-Chemicals.,PJ,IND,NRG,Other energy for industry,Other Food.Electro-Chemicals.,,,auto-added from AllCommodities.csv
INMOTH,Other Non Metallic Minerals.Other Processes.,PJ,IND,NRG,Other energy for industry,Other Non Metallic Minerals.Other Processes.,,,auto-added from AllCommodities.csv
COMCPS,Chips wood (COM),PJ,COM,NRG,Chips wood (COM),Chips wood (COM),,,auto-added from AllCommodities.csv
INDSOL,Solar (IND),PJ,IND,NRG,Solar (IND),Solar (IND),,,auto-added from AllCommodities.csv
NEC,Non Energy Consumption - Chemicals,PJ,IND,DEM,Non Energy Consumption - Chemicals,naphtha,,,auto-added from AllCommodities.csv
BIOSLU,Sludges Renewable,PJ,SUP,NRG,Sludges Renewable,Sludges Renewable,,,auto-added from AllCommodities.csv
IBOHTH,High Temperature Heat for IBO (IND),PJ,IND,NRG,High Temperature Heat for IND,High Temperature Heat for IBO (IND),,,auto-added from AllCommodities.csv
NREWST,Waste Non-Renewable,PJ,SUP,NRG,Waste Non-Renewable,Waste Non-Renewable,,,auto-added from AllCommodities.csv
IPPHTH,High Temperature Heat for IPH and IPL (IND),PJ,IND,NRG,High Temperature Heat for IND,High Temperature Heat for IPH and IPL (IND),,,auto-added from AllCommodities.csv
IOIPRC,Other Industries.Process Heat.,PJ,IND,NRG,Process heat,Other Industries.Process Heat.,,,auto-added from AllCommodities.csv
IPOHTH,High Temperature Heat for IPO (IND),PJ,IND,NRG,High Temperature Heat for IND,High Temperature Heat for IPO (IND),,,auto-added from AllCommodities.csv
OILNAP,Naphtha,PJ,IND,NRG,naphtha,naphtha,,,Added for industry sector
